{
  "hash": "8108c3ff",
  "configHash": "9acc273a",
  "lockfileHash": "6f59c1fe",
  "browserHash": "04b38690",
  "optimized": {
    "@angular/common": {
      "src": "../../../../../../node_modules/@angular/common/fesm2022/common.mjs",
      "file": "@angular_common.js",
      "fileHash": "89da2253",
      "needsInterop": false
    },
    "@angular/core": {
      "src": "../../../../../../node_modules/@angular/core/fesm2022/core.mjs",
      "file": "@angular_core.js",
      "fileHash": "aa4b44ad",
      "needsInterop": false
    },
    "@angular/forms": {
      "src": "../../../../../../node_modules/@angular/forms/fesm2022/forms.mjs",
      "file": "@angular_forms.js",
      "fileHash": "88931970",
      "needsInterop": false
    },
    "@angular/platform-browser": {
      "src": "../../../../../../node_modules/@angular/platform-browser/fesm2022/platform-browser.mjs",
      "file": "@angular_platform-browser.js",
      "fileHash": "7a2feda6",
      "needsInterop": false
    },
    "@angular/router": {
      "src": "../../../../../../node_modules/@angular/router/fesm2022/router.mjs",
      "file": "@angular_router.js",
      "fileHash": "c0bfbf69",
      "needsInterop": false
    }
  },
  "chunks": {
    "chunk-OQQBWJDO": {
      "file": "chunk-OQQBWJDO.js"
    },
    "chunk-HQY25O2T": {
      "file": "chunk-HQY25O2T.js"
    },
    "chunk-H74R6L4S": {
      "file": "chunk-H74R6L4S.js"
    }
  }
}