{
  "hash": "d31143f4",
  "configHash": "47ad1757",
  "lockfileHash": "187d3b65",
  "browserHash": "e768da49",
  "optimized": {
    "@angular/core": {
      "src": "../../../../../../node_modules/@angular/core/fesm2022/core.mjs",
      "file": "@angular_core.js",
      "fileHash": "8733de06",
      "needsInterop": false
    },
    "@angular/forms": {
      "src": "../../../../../../node_modules/@angular/forms/fesm2022/forms.mjs",
      "file": "@angular_forms.js",
      "fileHash": "37b4fac5",
      "needsInterop": false
    },
    "@angular/platform-browser": {
      "src": "../../../../../../node_modules/@angular/platform-browser/fesm2022/platform-browser.mjs",
      "file": "@angular_platform-browser.js",
      "fileHash": "9d87ea18",
      "needsInterop": false
    },
    "@angular/router": {
      "src": "../../../../../../node_modules/@angular/router/fesm2022/router.mjs",
      "file": "@angular_router.js",
      "fileHash": "d8a782c1",
      "needsInterop": false
    }
  },
  "chunks": {
    "chunk-QXM3EXTN": {
      "file": "chunk-QXM3EXTN.js"
    },
    "chunk-JB2GLDAV": {
      "file": "chunk-JB2GLDAV.js"
    },
    "chunk-H74R6L4S": {
      "file": "chunk-H74R6L4S.js"
    }
  }
}