{
  "hash": "29912032",
  "configHash": "25433ad7",
  "lockfileHash": "c7b779d1",
  "browserHash": "745345a6",
  "optimized": {
    "@angular/common": {
      "src": "../../../../../../node_modules/@angular/common/fesm2022/common.mjs",
      "file": "@angular_common.js",
      "fileHash": "c34e31ca",
      "needsInterop": false
    },
    "@angular/common/http": {
      "src": "../../../../../../node_modules/@angular/common/fesm2022/http.mjs",
      "file": "@angular_common_http.js",
      "fileHash": "861de1ff",
      "needsInterop": false
    },
    "@angular/core": {
      "src": "../../../../../../node_modules/@angular/core/fesm2022/core.mjs",
      "file": "@angular_core.js",
      "fileHash": "377f8a43",
      "needsInterop": false
    },
    "@angular/platform-browser": {
      "src": "../../../../../../node_modules/@angular/platform-browser/fesm2022/platform-browser.mjs",
      "file": "@angular_platform-browser.js",
      "fileHash": "f524f4e3",
      "needsInterop": false
    },
    "@angular/router": {
      "src": "../../../../../../node_modules/@angular/router/fesm2022/router.mjs",
      "file": "@angular_router.js",
      "fileHash": "e1240c55",
      "needsInterop": false
    }
  },
  "chunks": {
    "chunk-QLGOH45Q": {
      "file": "chunk-QLGOH45Q.js"
    },
    "chunk-TSTSAX4G": {
      "file": "chunk-TSTSAX4G.js"
    },
    "chunk-HP5WB7RT": {
      "file": "chunk-HP5WB7RT.js"
    },
    "chunk-6CJ6BJGL": {
      "file": "chunk-6CJ6BJGL.js"
    }
  }
}